{"cameraMode":{"drawMode":0,"name":"Shaded","section":"Shading Mode"},"sceneLighting":true,"audioPlay":false,"sceneViewState":{"showFog":true,"showMaterialUpdate":false,"showSkybox":true,"showFlares":true,"showImageEffects":true,"showParticleSystems":true},"in2DMode":false,"pivot":{"x":144.1375274658203,"y":56.21379089355469,"z":409.422607421875},"rotation":{"x":0.021335339173674585,"y":0.3290714919567108,"z":-0.0074448175728321079,"w":0.9440380334854126},"size":111.31649017333985,"orthographic":false}