{"cameraMode":{"drawMode":0,"name":"Shaded","section":"Shading Mode"},"sceneLighting":true,"audioPlay":false,"sceneViewState":{"showFog":true,"showMaterialUpdate":false,"showSkybox":true,"showFlares":true,"showImageEffects":true,"showParticleSystems":true},"in2DMode":false,"pivot":{"x":9.99514102935791,"y":-3.1352944374084474,"z":-2.537724018096924},"rotation":{"x":-0.10417836159467697,"y":-0.834011971950531,"z":0.16871272027492524,"w":-0.5149721503257752},"size":6.3288164138793949,"orthographic":false}